{
    "Afghanistan": 9.459516864014094750245931209065020084381103515625,
    "Albania": 18.8789653371919001756396028213202953338623046875,
    "Algeria": 17.88087615765766003050885046832263469696044921875,
    "American Samoa": 0.000689214603520449929120739174237542101764120161533355712890625,
    "Andorra": 8.5080232075839443695031150127761065959930419921875,
    "Angola": 8.482232711495836241510914987884461879730224609375,
    "Anguilla": 1.835245227136815149293624926940537989139556884765625,
    "Antarctica": 0,
    "Antigua and Barbuda": 8.608151185183462672512177960015833377838134765625,
    "Argentina": 18.43989322434484989798875176347792148590087890625,
    "Armenia": 11.4569051728182405014422329259105026721954345703125,
    "Aruba": 6.54814397123316194182507388177327811717987060546875,
    "Australia": 17.561261959032368196176321362145245075225830078125,
    "Austria": 22.078689114671750104434977401979267597198486328125,
    "Azerbaijan": 15.751082300757929033352411352097988128662109375,
    "Bahamas": 7.841747104420004887970208073966205120086669921875,
    "Bahrain": 15.2093467201178196290811683866195380687713623046875,
    "Bangladesh": 8.12031058435561448050066246651113033294677734375,
    "Barbados": 13.2085812990627271545918119954876601696014404296875,
    "Belarus": 14.252567155915482288719431380741298198699951171875,
    "Belgium": 19.037797167822528621172750717960298061370849609375,
    "Belize": 8.475632082920778742618495016358792781829833984375,
    "Benin": 10.1668581827577924059369252063333988189697265625,
    "Bermuda": 11.249626690156684816201959620229899883270263671875,
    "Bhutan": 15.3082880728641299583614454604685306549072265625,
    "Bolivia": 11.73025811608675184061212348751723766326904296875,
    "Bonaire, Saint Eustatius and Saba": 0.000521248909611135742558918337863360648043453693389892578125,
    "Bosnia and Herzegovina": 9.358175299978046979276768979616463184356689453125,
    "Botswana": 11.572234268297517445489575038664042949676513671875,
    "Bouvet Island": 2.5,
    "Brazil": 11.34608523505132637865244760178029537200927734375,
    "British Indian Ocean Territory": 0,
    "Brunei Darussalam": 5.6949537786606203582095986348576843738555908203125,
    "Bulgaria": 10.204126943655953851930462406016886234283447265625,
    "Burkina Faso": 10.1251013024499325609895095112733542919158935546875,
    "Burundi": 8.140170486393881077447076677344739437103271484375,
    "Cambodia": 9.7361824181071892070349349523894488811492919921875,
    "Cameroon": 8.788233105714379433948124642483890056610107421875,
    "Canada": 17.331494341739318798545355093665421009063720703125,
    "Cabo Verde": 15.349045987150386594066731049679219722747802734375,
    "Cayman Islands": 4.09027212108188820138821029104292392730712890625,
    "Central African Republic": 5.70469499865187490428297678590752184391021728515625,
    "Chad": 2.71413173654895789610463907592929899692535400390625,
    "Chile": 16.258774597128290650971393915824592113494873046875,
    "China": 14.7559566808515700842008300242014229297637939453125,
    "Christmas Island": 0,
    "Cocos (Keeling) Islands": 0,
    "Colombia": 11.705790888279949513162137009203433990478515625,
    "Comoros": 3.46589168235825351160883656120859086513519287109375,
    "Congo Republic": 3.603528688338687668846205269801430404186248779296875,
    "DR Congo": 1.3146605331927478932385611187783069908618927001953125,
    "Cook Islands": 5.000980725311958252632393850944936275482177734375,
    "Costa Rica": 14.5203490282261764576787754776887595653533935546875,
    "Croatia": 19.492919033017859220535683562047779560089111328125,
    "Cuba": 12.3568317350515091135321199544705450534820556640625,
    "Curacao": 3.086996537925100536625677705160342156887054443359375,
    "Cyprus": 20.82362881280707966880072490312159061431884765625,
    "Czechia": 17.552161360617873242517816834151744842529296875,
    "Cote d'Ivoire": 4.87880539901355092524681822396814823150634765625,
    "Denmark": 19.6605379547369665260703186504542827606201171875,
    "Djibouti": 8.7964072401695876379790206556208431720733642578125,
    "Dominica": 7.8857285133529000376029216567985713481903076171875,
    "Dominican Republic": 11.3927549343400702497319798567332327365875244140625,
    "Ecuador": 11.988479364143412198018268099986016750335693359375,
    "Egypt": 16.73059476631792819034671992994844913482666015625,
    "El Salvador": 8.1227761973723620059217864763922989368438720703125,
    "Equatorial Guinea": 2.40155419976092066036699179676361382007598876953125,
    "Eritrea": 2.026547619047619708254615034093149006366729736328125,
    "Estonia": 15.57540763623956792116587166674435138702392578125,
    "Ethiopia": 8.7558415564636078443072619847953319549560546875,
    "Falkland Islands": 2.5,
    "Faroe Islands": 2.5,
    "Fiji": 8.9942920828940060573586379177868366241455078125,
    "Finland": 16.74118712078739434900853666476905345916748046875,
    "France": 19.7680358306284915670403279364109039306640625,
    "French Guiana": 6.02488710206706112870733704767189919948577880859375,
    "French Polynesia": 0.003562677300977310120011498639769342844374477863311767578125,
    "French Southern Territories": 5,
    "Gabon": 4.707342860743690238223280175589025020599365234375,
    "Gambia": 5.410627806643407922138067078776657581329345703125,
    "Georgia": 13.372082360590486160845102858729660511016845703125,
    "Germany": 19.742965511973590508887355099432170391082763671875,
    "Ghana": 10.048843690221399782558364677242934703826904296875,
    "Gibraltar": 9.664429530201342544160070247016847133636474609375,
    "Greece": 19.436423588102655912734917365014553070068359375,
    "Greenland": 4.40715883668903796177573894965462386608123779296875,
    "Grenada": 8.4964899583504287505775209865532815456390380859375,
    "Guadeloupe": 4.3645378888961072760821480187587440013885498046875,
    "Guam": 0.028341087518177772441863027097497251816093921661376953125,
    "Guatemala": 8.7928559484699047033018359798006713390350341796875,
    "Guernsey": 2.5,
    "Guinea": 2.9961590020835959791156710707582533359527587890625,
    "Guinea-Bissau": 6.20731832137146799510674100019969046115875244140625,
    "Guyana": 9.965698492605525871113059110939502716064453125,
    "Haiti": 6.98646696883625306639942209585569798946380615234375,
    "Heard and McDonald Islands": 0,
    "Vatican": 12.5,
    "Honduras": 6.23339534812343476488649685052223503589630126953125,
    "Hong Kong": 14.4906449749183448005851460038684308528900146484375,
    "Hungary": 19.25877930848668739827189710922539234161376953125,
    "Iceland": 19.83659058033946820387427578680217266082763671875,
    "India": 15.96514304627563518579336232505738735198974609375,
    "Indonesia": 12.52777254868433232104507624171674251556396484375,
    "Iran": 13.1119283211101826935873759794048964977264404296875,
    "Iraq": 14.78326776054300495388815761543810367584228515625,
    "Ireland": 19.946965180401232231588437571190297603607177734375,
    "Isle of Man": 7.5,
    "Israel": 21.65468435992031714931727037765085697174072265625,
    "Italy": 23.49287226765020619723145500756800174713134765625,
    "Jamaica": 8.647683773827878894735476933419704437255859375,
    "Japan": 23.16283061522347708205415983684360980987548828125,
    "Jersey": 2.5,
    "Jordan": 12.3163406672623896298546242178417742252349853515625,
    "Kazakhstan": 11.7833498797272486768861199379898607730865478515625,
    "Kenya": 9.75190169295327535792239359579980373382568359375,
    "Kiribati": 1.658556166500573691990894076297990977764129638671875,
    "North Korea": 4.3144940476190480893592393840663135051727294921875,
    "South Korea": 20.591869941623599515878595411777496337890625,
    "Kuwait": 16.4883034164890744932563393376767635345458984375,
    "Kyrgyz Republic": 14.116847519687507173102858359925448894500732421875,
    "Laos": 4.9482113690348459300594186061061918735504150390625,
    "Latvia": 15.3232537462346130041623837314546108245849609375,