{
    "Afghanistan": 9.6105662939111073939102425356395542621612548828125,
    "Albania": 12.3463537343271951840506517328321933746337890625,
    "Algeria": 16.085035369802159976870825630612671375274658203125,
    "American Samoa": 0.000689214603520449929120739174237542101764120161533355712890625,
    "Andorra": 4.8307301427069848642759097856469452381134033203125,
    "Angola": 6.20687772564171069689109572209417819976806640625,
    "Anguilla": 1.3766322517453162266320987328072078526020050048828125,
    "Antarctica": 0,
    "Antigua and Barbuda": 5.11542187869576725489650925737805664539337158203125,
    "Argentina": 18.719155599497103281692034215666353702545166015625,
    "Armenia": 8.361836480777245839135503047145903110504150390625,
    "Aruba": 5.3512759622846157725462035159580409526824951171875,
    "Australia": 18.21636123357448155957172275520861148834228515625,
    "Austria": 23.733369152753549968792867730371654033660888671875,
    "Azerbaijan": 16.753564740984330683204461820423603057861328125,
    "Bahamas": 4.61188133260792465506483495119027793407440185546875,
    "Bahrain": 11.9173716578882089578428349341265857219696044921875,
    "Bangladesh": 9.1089915187797547702075462439097464084625244140625,
    "Barbados": 9.887844442239458686572106671519577503204345703125,
    "Belarus": 18.13129507771493109657967579551041126251220703125,
    "Belgium": 23.14089405668293153439663001336157321929931640625,
    "Belize": 6.1255741181032536957218326278962194919586181640625,
    "Benin": 11.0996009482862092454524827189743518829345703125,
    "Bermuda": 9.999626690156684816201959620229899883270263671875,
    "Bhutan": 13.3952317044532396295153375831432640552520751953125,
    "Bolivia": 10.5610592050125884355793459690175950527191162109375,
    "Bonaire, Saint Eustatius and Saba": 0.000521248909611135742558918337863360648043453693389892578125,
    "Bosnia and Herzegovina": 11.0557966769005862062158485059626400470733642578125,
    "Botswana": 12.9229976114845186430102330632507801055908203125,
    "Bouvet Island": 0,
    "Brazil": 13.72906068178368599319583154283463954925537109375,
    "British Indian Ocean Territory": 0,
    "Brunei Darussalam": 3.194953778660620802298808484920300543308258056640625,
    "Bulgaria": 14.235766061751366606813462567515671253204345703125,
    "Burkina Faso": 10.603570519103442393316072411835193634033203125,
    "Burundi": 6.52981868949391230927403739769943058490753173828125,
    "Cambodia": 7.37451089437826023953448384418152272701263427734375,
    "Cameroon": 7.1555300599293847341186847188510000705718994140625,
    "Canada": 20.16353098366760576709566521458327770233154296875,
    "Cabo Verde": 12.826378801148468511428291094489395618438720703125,
    "Cayman Islands": 3.06957860877763710760746107553131878376007080078125,
    "Central African Republic": 4.462243695043664359900503768585622310638427734375,
    "Chad": 2.43177017660140659671696994337253272533416748046875,
    "Chile": 17.343001789350548591528422548435628414154052734375,
    "China": 16.439765285865465926917750039137899875640869140625,
    "Christmas Island": 0,
    "Cocos (Keeling) Islands": 0,
    "Colombia": 12.2195020730549845922041640733368694782257080078125,
    "Comoros": 3.091516746585869501728893737890757620334625244140625,
    "Congo Republic": 3.01277544969978006150768123916350305080413818359375,
    "DR Congo": 1.4448546231816885576648701317026279866695404052734375,
    "Cook Islands": 2.500980725311958252632393850944936275482177734375,
    "Costa Rica": 14.1215559050310819344531410024501383304595947265625,
    "Croatia": 21.052062832318597429548390209674835205078125,
    "Cuba": 7.80435791549096702368615297018550336360931396484375,
    "Curacao": 2.36831644843964195246144299744628369808197021484375,
    "Cyprus": 21.972637371851920562448867713101208209991455078125,
    "Czechia": 19.620932856844834901721696951426565647125244140625,
    "Cote d'Ivoire": 7.0600198426794751327406629570759832859039306640625,
    "Denmark": 23.56257116925663552819969481788575649261474609375,
    "Djibouti": 6.01958657353490256269878955208696424961090087890625,
    "Dominica": 5.0423244705277152633016157778911292552947998046875,
    "Dominican Republic": 9.504614003750770478973208810202777385711669921875,
    "Ecuador": 11.066447499305670731928330496884882450103759765625,
    "Egypt": 14.574916353319924411380270612426102161407470703125,
    "El Salvador": 8.0240071369580565630030832835473120212554931640625,
    "Equatorial Guinea": 1.40527443785615702154245809651911258697509765625,
    "Eritrea": 0.415654761904761971269550713259377516806125640869140625,
    "Estonia": 22.3309786104075413959435536526143550872802734375,
    "Ethiopia": 8.2140373712132142003383705741725862026214599609375,
    "Falkland Islands": 2.5,
    "Faroe Islands": 5,
    "Fiji": 8.4281137465671402964062508544884622097015380859375,
    "Finland": 23.470534518652442557140602730214595794677734375,
    "France": 21.588680686719499135506339371204376220703125,
    "French Guiana": 5.144014618845584863038311596028506755828857421875,
    "French Polynesia": 0.66648249957378979946298613867838867008686065673828125,
    "French Southern Territories": 2.5,
    "Gabon": 3.813148559477259169625540380366146564483642578125,
    "Gambia": 4.5825349870777021266121664666570723056793212890625,
    "Georgia": 10.287384137416989204893980058841407299041748046875,
    "Germany": 23.5412090800145250568675692193210124969482421875,
    "Ghana": 11.7271589279999108867968971026130020618438720703125,
    "Gibraltar": 8.498322147651006019941632985137403011322021484375,
    "Greece": 21.26429097489455699587779236026108264923095703125,
    "Greenland": 3.3053691275167782492871992872096598148345947265625,
    "Grenada": 5.32425801523761332845197102869860827922821044921875,
    "Guadeloupe": 3.27673028263212540167614861275069415569305419921875,
    "Guam": 0.028341087518177772441863027097497251816093921661376953125,
    "Guatemala": 10.18705304156636515244827023707330226898193359375,
    "Guernsey": 5,
    "Guinea": 2.570997952401804287347886202041991055011749267578125,
    "Guinea-Bissau": 7.42012317499303097889651326113380491733551025390625,
    "Guyana": 7.05123260893662262560610543005168437957763671875,
    "Haiti": 5.62127436864093255053376196883618831634521484375,
    "Heard and McDonald Islands": 0,
    "Vatican": 6.25,
    "Honduras": 6.5280282451653111053246902883984148502349853515625,
    "Hong Kong": 12.96639469983769998862044303677976131439208984375,
    "Hungary": 21.251499669250573987255847896449267864227294921875,
    "Iceland": 20.83831727616884421649956493638455867767333984375,
    "India": 13.3872554100276062172270030714571475982666015625,
    "Indonesia": 12.0963721742499057398845252464525401592254638671875,
    "Iran": 10.62589133582984146642047562636435031890869140625,
    "Iraq": 9.0478118933194924267127134953625500202178955078125,
    "Ireland": 23.39175681853055976944233407266438007354736328125,
    "Isle of Man": 8.75,
    "Israel": 23.5400438697868565895987558178603649139404296875,
    "Italy": 20.408008106456701824527044664137065410614013671875,
    "Jamaica": 8.40435196502073011970423976890742778778076171875,
    "Japan": 17.9089936148976249796760384924709796905517578125,
    "Jersey": 5,
    "Jordan": 9.35535371594841080877813510596752166748046875,
    "Kazakhstan": 10.3240467524133894272608813480474054813385009765625,
    "Kenya": 9.9476121402332733367757100495509803295135498046875,
    "Kiribati": 1.521115690310097523507693040301091969013214111328125,
    "North Korea": 6.35559680511912628020354532054625451564788818359375,
    "South Korea": 20.9982576924207506863240269012749195098876953125,
    "Kuwait": 15.5516496000521016185302869416773319244384765625,
    "Kyrgyz Republic": 16.506582411246757402523144264705479145050048828125,
    "Laos": 4.6681891427484298873196166823618113994598388671875,
    "Latvia": 21.85947867014996148782302043400704860687255859375,