{
    "Afghanistan": 0.7646652129521252,
    "Albania": 2.3446102934314648,
    "Algeria": 2.616705024307342,
    "American Samoa": 0,
    "Andorra": 1,
    "Angola": 1.5796402917882584,
    "Anguilla": 0,
    "Antarctica": 0,
    "Antigua and Barbuda": 1.7437070938215102,
    "Argentina": 2.5234496666015493,
    "Armenia": 2.2709067171810786,
    "Aruba": 0.6899313501144164,
    "Australia": 3.779732144547531,
    "Austria": 3.556454144046732,
    "Azerbaijan": 2.040018840441292,
    "Bahamas": 1.789187643020595,
    "Bahrain": 2.643696207057399,
    "Bangladesh": 1.3990921226861206,
    "Barbados": 1.912583333333333,
    "Belarus": 2.4802666509117275,
    "Belgium": 3.431231033819533,
    "Belize": 2.1581107347204114,
    "Benin": 1.5597385050585846,
    "Bermuda": 0.4568077803203661,
    "Bhutan": 3.2448918540582343,
    "Bolivia": 2.6313052726789232,
    "Bonaire, Saint Eustatius and Saba": 0,
    "Bosnia and Herzegovina": 2.395107473764213,
    "Botswana": 2.277761614947744,
    "Bouvet Island": 0,
    "Brazil": 3.2406058422591646,
    "British Indian Ocean Territory": 0,
    "Brunei Darussalam": 1.7405606407322654,
    "Bulgaria": 1.8362802242375436,
    "Burkina Faso": 1.6657746673249392,
    "Burundi": 0.9610561612727471,
    "Cambodia": 1.5536164940427835,
    "Cameroon": 1.3602311102618432,
    "Canada": 3.9000061208419328,
    "Cabo Verde": 2.177589694344557,
    "Cayman Islands": 0.6158466819221968,
    "Central African Republic": 0.9915160091676252,
    "Chad": 0.9774001568365536,
    "Chile": 3.6664716170547402,
    "China": 1.940751073574165,
    "Christmas Island": 0,
    "Cocos (Keeling) Islands": 0,
    "Colombia": 3.0316846000330493,
    "Comoros": 0.9879849151720024,
    "Congo Republic": 1.3039593642376153,
    "DR Congo": 0.6547116704805491,
    "Cook Islands": 0,
    "Costa Rica": 3.615917255780178,
    "Croatia": 3.0737627139815547,
    "Cuba": 1.0245714285714287,
    "Curacao": 0.5912471395881007,
    "Cyprus": 3.2648755628896167,
    "Czechia": 3.274965087018732,
    "Cote d'Ivoire": 1.6728879833906898,
    "Denmark": 3.7302584370709386,
    "Djibouti": 1.380671294958569,
    "Dominica": 1.6772320475100797,
    "Dominican Republic": 2.542488477032933,
    "Ecuador": 2.5841856374245973,
    "Egypt": 2.4046796869971234,
    "El Salvador": 1.9302487296491733,
    "Equatorial Guinea": 0.9492570420616758,
    "Eritrea": 0.14502380952380955,
    "Estonia": 3.226744860168897,
    "Ethiopia": 1.45397557687636,
    "Falkland Islands": 0,
    "Faroe Islands": 0,
    "Fiji": 1.6184950964367442,
    "Finland": 3.6893486132735407,
    "France": 3.350441460220411,
    "French Guiana": 0,
    "French Polynesia": 0,
    "French Southern Territories": 0,
    "Gabon": 2.097103479274532,
    "Gambia": 1.5150886734092215,
    "Georgia": 1.7279176800486105,
    "Germany": 3.6589782172382366,
    "Ghana": 1.9703119498262693,
    "Gibraltar": 0,
    "Greece": 2.8919755619521545,
    "Greenland": 0,
    "Grenada": 1.7537050779121717,
    "Guadeloupe": 0,
    "Guam": 0,
    "Guatemala": 2.21755656532854,
    "Guernsey": 0,
    "Guinea": 0.9997800934571369,
    "Guinea-Bissau": 0.8171480603683119,
    "Guyana": 2.3855614988558353,
    "Haiti": 1.6162403504807217,
    "Heard and McDonald Islands": 0,
    "Vatican": 0,
    "Honduras": 2.1176462384924264,
    "Hong Kong": 2.4827472039491227,
    "Hungary": 2.9962909090138568,
    "Iceland": 3.8441448851050595,
    "India": 2.000598015968455,
    "Indonesia": 2.741617873053294,
    "Iran": 2.577687550175977,
    "Iraq": 2.2531283885095394,
    "Ireland": 3.630481368002217,
    "Isle of Man": 0,
    "Israel": 3.6212502197997107,
    "Italy": 3.2487693871831005,
    "Jamaica": 3.387081857540148,
    "Japan": 3.6867016575330203,
    "Jersey": 0,
    "Jordan": 2.7411337676590666,
    "Kazakhstan": 2.2774254655656425,
    "Kenya": 1.8464546051477861,
    "Kiribati": 0.05497619047619047,
    "North Korea": 0.09851785714285716,
    "South Korea": 3.6323094260643134,
    "Kuwait": 2.9019294518439063,
    "Kyrgyz Republic": 2.40337970354903,
    "Laos": 1.7564332380947623,
    "Latvia": 3.221854100271044,
    "Lebanon": 1.5103656471007576,
    "Lesotho": 1.9864520930264056,
    "Liberia": 1.2961855163048508,
    "Libya": 0.8524597435862994,
    "Liechtenstein": 0,
    "Lithuania": 3.1487531449343287,
    "Luxembourg": 3.544085756006698,
    "Macau": 0,
    "North Macedonia": 2.4897676594131983,
    "Madagascar": 1.1780516654813222,
    "Malawi": 1.513845359383728,
    "Malaysia": 2.9670003943560688,
    "Maldives": 1.8559977661545168,
    "Mali": 1.351185058256161,
    "Malta": 3.750923484890622,
    "Marshall Islands": 0.5120476190476192,
    "Martinique": 0,
    "Mauritania": 1.8369254163537585,
    "Mauritius": 3.2775271504981096,
    "Mayotte": 0,
    "Mexico": 2.865013143618602,
    "Micronesia, Fed. Sts.": 0.12061904761904761,
    "Moldova": 2.7121167434068574,
    "Monaco": 1,
    "Mongolia": 2.5276009219809383,
    "Montenegro": 2.5738159578760165,
    "Montserrat": 0,
    "Morocco": 2.397018853084766,
    "Mozambique": 1.6017969419243716,
    "Myanmar": 2.1072396796111073,
    "Namibia": 2.2758690629339666,
    "Nauru": 1,
    "Nepal": 2.133722076362732,
    "Netherlands": 3.7914086893255856,
    "New Caledonia": 0,
    "New Zealand": 3.853390994918751,
    "Nicaragua": 2.204116007781037,
    "Niger": 1.6320287676304814,
    "Nigeria": 1.5682935644217704,
    "Niue": 0,
    "Norfolk Island": 0,
    "Northern Mariana Islands": 0,
    "Norway": 3.9370038036583552,
    "Oman": 3.115541190984074,
    "Pakistan": 1.955539414138801,
    "Palau": 0.429904761904762,
    "Palestine": 1.4441209834615396,
    "Panama": 3.3050721267236622,
    "Papua New Guinea": 0.5848928571428572,
    "Paraguay": 2.5159989428901626,
    "Peru": 2.7090036234168062,
    "Philippines": 2.2791817532653864,
    "Pitcairn": 0,
    "Poland": 3.2556909454375567,
    "Portugal": 3.0439461762088826,
    "Puerto Rico": 1.108521007387508,
    "Qatar": 3.0091603793838257,
    "Romania": 2.851030557516883,
    "Russia": 2.280753986725821,
    "Rwanda": 1.3541628376368111,
    "Reunion": 0,
    "St. Barths": 0,
    "St. Helena": 0,
    "St. Kitts and Nevis": 1.6556064073226544,
    "St. Lucia": 1.5824041625803635,
    "Saint-Martin": 0,
    "St. Pierre and Miquelon": 0,
    "St. Vincent and the Grenadines": 1.7587881660673421,
    "Samoa": 0.28942857142857137,
    "San Marino": 1,
    "Sao Tome and Principe": 1.1868043205840688,
    "Saudi Arabia": 2.663946353995817,
    "Senegal": 2.014097090396766,
    "Serbia": 2.596454209840863,
    "Seychelles": 2.421915236460717,
    "Sierra Leone": 1.4978530599167492,
    "Singapore": 3.583516142354279,
    "Sint Maarten": 0.8495423340961098,
    "Slovakia": 3.1528364642441216,
    "Slovenia": 3.2583585888850806,
    "Solomon Islands": 0.6773095238095238,
    "Somalia": 1.100752486021411,
    "South Africa": 2.5592433606416685,
    "South Georgia and South Sandwich Is.": 0,
    "South Sudan": 0.5120174837229033,
    "Spain": 3.363420944235966,
    "Sri Lanka": 2.1453233151438913,
    "Sudan": 1.3602799945865587,
    "Suriname": 3.3959516053390106,
    "Svalbard and Jan Mayen Islands": 0,
    "Eswatini": 1.7293704201399787,
    "Sweden": 3.7964188174029836,
    "Switzerland": 3.7061862047269605,
    "Syria": 1.6596617724209053,
    "Taiwan": 1.8555474956346543,
    "Tajikistan": 2.033869809622444,
    "Tanzania": 1.54250283780652,
    "Thailand": 3.139962980983336,
    "Timor-Leste": 0.07354761904761904,
    "Togo": 1.0141278484821714,
    "Tokelau": 0,
    "Tonga": 0.6487142857142857,
    "Trinidad and Tobago": 3.569890414057935,
    "Tunisia": 2.572036885365883,
    "T\u00fcrkiye": 2.6610339350146175,
    "Turkmenistan": 1.8219280913364677,
    "Turks and Caicos Islands": 0.5300343249427918,
    "Tuvalu": 0.49126190476190473,
    "Uganda": 1.425499761037013,
    "Ukraine": 1.6761211639579134,
    "United Arab Emirates": 3.2427551012718236,
    "United Kingdom": 3.577018457013368,