{
    "Afghanistan": 7.536448336165818773224600590765476226806640625,
    "Albania": 10.4785260704595781788839303771965205669403076171875,
    "Algeria": 13.3483951615580505034586167312227189540863037109375,
    "American Samoa": 2.500689214603520671431624577962793409824371337890625,
    "Andorra": 3.653437077830027579494753808830864727497100830078125,
    "Angola": 7.2140765271214402076793703599832952022552490234375,
    "Anguilla": 3.418019276353817303970572538673877716064453125,
    "Antarctica": 0,
    "Antigua and Barbuda": 6.6226925722080718372808405547402799129486083984375,
    "Argentina": 10.53764666748238454374586581252515316009521484375,
    "Armenia": 6.61789848957254189798504739883355796337127685546875,
    "Aruba": 6.65440795333606960326733315014280378818511962890625,
    "Australia": 14.22399559765226939589410903863608837127685546875,
    "Austria": 17.125887295731359927231096662580966949462890625,
    "Azerbaijan": 11.1533584695574052858546565403230488300323486328125,
    "Bahamas": 6.38201556079584353398104212828911840915679931640625,
    "Bahrain": 9.223328007698359698451895383186638355255126953125,
    "Bangladesh": 9.202009150692557426509665674529969692230224609375,
    "Barbados": 11.537732585416193842320353724062442779541015625,
    "Belarus": 12.374260820242572123106583603657782077789306640625,
    "Belgium": 16.6716832613903562787527334876358509063720703125,
    "Belize": 4.4027498422428426039232363109476864337921142578125,
    "Benin": 11.564107579597731501053203828632831573486328125,
    "Bermuda": 8.749626690156684816201959620229899883270263671875,
    "Bhutan": 11.012164760373746474897416192106902599334716796875,
    "Bolivia": 8.103617642479431282254154211841523647308349609375,
    "Bonaire, Saint Eustatius and Saba": 0.000521248909611135742558918337863360648043453693389892578125,
    "Bosnia and Herzegovina": 8.1172275497252304177209225599654018878936767578125,
    "Botswana": 10.9341253012059862470550797297619283199310302734375,
    "Bouvet Island": 2.5,
    "Brazil": 10.78062835259890306360830436460673809051513671875,
    "British Indian Ocean Territory": 0,
    "Brunei Darussalam": 5.6949537786606203582095986348576843738555908203125,
    "Bulgaria": 11.32311615512390545745802228339016437530517578125,
    "Burkina Faso": 11.06562556749695858115956070832908153533935546875,
    "Burundi": 5.45040034497489767062461396562866866588592529296875,
    "Cambodia": 8.2083499347383650501797092147171497344970703125,
    "Cameroon": 5.2750851417148254540734342299401760101318359375,
    "Canada": 18.756896790099876426438640919514000415802001953125,
    "Cabo Verde": 11.758146138956075077430796227417886257171630859375,
    "Cayman Islands": 4.54888509647338690200513156014494597911834716796875,
    "Central African Republic": 6.25144254402267929293657289235852658748626708984375,
    "Chad": 4.54893158246664075505805158172734081745147705078125,
    "Chile": 13.704109080458920288947410881519317626953125,
    "China": 11.169471508597364817205743747763335704803466796875,
    "Christmas Island": 2.5,
    "Cocos (Keeling) Islands": 2.5,
    "Colombia": 9.7611766735368252767557351035065948963165283203125,
    "Comoros": 5.22596193724328283991553689702413976192474365234375,
    "Congo Republic": 4.97504542955203010734521740232594311237335205078125,
    "DR Congo": 1.3923061006844534848170269469846971333026885986328125,
    "Cook Islands": 2.500980725311958252632393850944936275482177734375,
    "Costa Rica": 11.1148373544270295809610615833662450313568115234375,
    "Croatia": 15.24450424881380428132615634240210056304931640625,
    "Cuba": 8.5405413472107607475436452659778296947479248046875,
    "Curacao": 4.14963635895418292420799843966960906982421875,
    "Cyprus": 18.530606737396023930841693072579801082611083984375,
    "Czechia": 18.287717348080178680902463383972644805908203125,
    "Cote d'Ivoire": 8.48112201075736749089628574438393115997314453125,
    "Denmark": 16.82355395623074656441531260497868061065673828125,
    "Djibouti": 2.98533539824947613539052326814271509647369384765625,
    "Dominica": 6.8739799515120552086955285631120204925537109375,
    "Dominican Republic": 10.00965204551946641231552348472177982330322265625,
    "Ecuador": 8.4686068340944995469499190221540629863739013671875,
    "Egypt": 12.6625684617047991054050726233981549739837646484375,
    "El Salvador": 8.76611572438630304304751916788518428802490234375,
    "Equatorial Guinea": 3.90527443785615702154245809651911258697509765625,
    "Eritrea": 0.415654761904761971269550713259377516806125640869140625,
    "Estonia": 16.401226928334143195797878433950245380401611328125,
    "Ethiopia": 6.32080974355419211718754013418219983577728271484375,
    "Falkland Islands": 2.5,
    "Faroe Islands": 2.5,
    "Fiji": 8.1941151758869512633509657462127506732940673828125,
    "Finland": 16.744584319821978368736381526105105876922607421875,
    "France": 20.26355328039691272579148062504827976226806640625,
    "French Guiana": 4.2631421356241077091908664442598819732666015625,
    "French Polynesia": 3.00075254400558666389997597434557974338531494140625,
    "French Southern Territories": 2.5,
    "Gabon": 5.76282843411348011386508005671203136444091796875,
    "Gambia": 6.48740402670161042664176420657895505428314208984375,
    "Georgia": 8.568772228759467424197282525710761547088623046875,
    "Germany": 17.05798695048639501692377962172031402587890625,
    "Ghana": 11.8205854788131841104359409655444324016571044921875,
    "Gibraltar": 7.3322147651006712720800351235084235668182373046875,
    "Greece": 18.055809936878592480979932588525116443634033203125,
    "Greenland": 4.7035794183445194249770793248899281024932861328125,
    "Grenada": 6.92101416736289376530066874693147838115692138671875,
    "Guadeloupe": 4.68892267636814263909172950661741197109222412109375,
    "Guam": 2.52834108751817776550296912319026887416839599609375,
    "Guatemala": 7.56005824953415217493102318258024752140045166015625,
    "Guernsey": 2.5,
    "Guinea": 4.7501987583118108204871532507240772247314453125,
    "Guinea-Bissau": 8.2131257207758796567986792069859802722930908203125,
    "Guyana": 8.860516725267718385339321685023605823516845703125,
    "Haiti": 4.09183746734664399724579197936691343784332275390625,
    "Heard and McDonald Islands": 0,
    "Vatican": 5,
    "Honduras": 5.20595386507982471613331654225476086139678955078125,
    "Hong Kong": 13.241678969417904454530798830091953277587890625,
    "Hungary": 15.4441771656714283977862578467465937137603759765625,
    "Iceland": 19.15890224707209910093297366984188556671142578125,
    "India": 11.2892590338403859817617558292113244533538818359375,
    "Indonesia": 12.1095364517215688948681417969055473804473876953125,
    "Iran": 8.35415532070853572577107115648686885833740234375,
    "Iraq": 7.39287091859227540879828666220419108867645263671875,
    "Ireland": 16.9327820855058917004498653113842010498046875,
    "Isle of Man": 5,
    "Israel": 19.39922322082196615156135521829128265380859375,
    "Italy": 16.774919941385501687136638793163001537322998046875,
    "Jamaica": 9.486978482566787107543859747238457202911376953125,
    "Japan": 14.8187289745366133075776815530844032764434814453125,
    "Jersey": 2.5,
    "Jordan": 7.260663421239801351703135878778994083404541015625,
    "Kazakhstan": 15.148700261054717230990718235261738300323486328125,
    "Kenya": 7.93625360212491326450390261015854775905609130859375,
    "Kiribati": 4.021115690310097079418483190238475799560546875,
    "North Korea": 3.573148496696487708135236971429549157619476318359375,
    "South Korea": 15.26064695536773996309420908801257610321044921875,
    "Kuwait": 12.650895896194196410533550078980624675750732421875,
    "Kyrgyz Republic": 11.3141090803527060160149630974046885967254638671875,
    "Laos": 6.4584426686047091692444155341945588588714599609375,
    "Latvia": 15.99360914716715598160590161569416522979736328125,
    "Lebanon": 11.5810417589616303501998118008486926555633544921875,